{"M8X": {"active": 1.0, "arts": 1.0, "bars": 11.0, "bicycles": 0.0, "chinese": 1.0, "eventservices": 1.0, "financialservices": 0.0, "food": 24.0, "homeservices": 0.0, "localflavor": 0.0, "massmedia": 0.0, "nightlife": 1.0, "professional": 0.0, "publicservicesgovt": 0.0, "religiousorgs": 0.0, "restaurants": 60.0, "services": 0.0, "shopping": 0.0, "total_price_level": 120.0, "price_level_count": 63, "total_rating": 284.0, "rating_count": 82}, "M4S": {"active": 0.0, "arts": 0.0, "bars": 10.0, "bicycles": 0.0, "chinese": 3.0, "eventservices": 0.0, "financialservices": 0.0, "food": 19.0, "homeservices": 0.0, "localflavor": 0.0, "massmedia": 0.0, "nightlife": 0.0, "professional": 0.0, "publicservicesgovt": 0.0, "religiousorgs": 0.0, "restaurants": 67.0, "services": 0.0, "shopping": 0.0, "total_price_level": 128.0, "price_level_count": 65, "total_rating": 304.0, "rating_count": 87}, "M3H": {"active": 2.0, "arts": 0.0, "bars": 2.0, "bicycles": 0.0, "chinese": 3.0, "eventservices": 0.0, "financialservices": 0.0, "food": 21.0, "homeservices": 0.0, "localflavor": 0.0, "massmedia": 0.0, "nightlife": 1.0, "professional": 0.0, "publicservicesgovt": 0.0, "religiousorgs": 0.0, "restaurants": 56.0, "services": 0.0, "shopping": 0.0, "total_price_level": 91.0, "price_level_count": 54, "total_rating": 243.5, "rating_count": 74}, "M4E": {"active": 3.0, "arts": 0.0, "bars": 11.0, "bicycles": 0.0, "chinese": 3.0, "eventservices": 0.0, "financialservices": 0.0, "food": 21.0, "homeservices": 0.0, "localflavor": 1.0, "massmedia": 0.0, "nightlife": 0.0, "professional": 0.0, "publicservicesgovt": 0.0, "religiousorgs": 0.0, "restaurants": 44.0, "services": 0.0, "shopping": 0.0, "total_price_level": 103.0, "price_level_count": 56, "total_rating": 257.5, "rating_count": 67}, "M9B": {"active": 0.0, "arts": 0.0, "bars": 4.0, "bicycles": 0.0, "chinese": 5.0, "eventservices": 2.0, "financialservices": 0.0, "food": 10.0, "homeservices": 0.0, "localflavor": 0.0, "massmedia": 0.0, "nightlife": 1.0, "professional": 0.0, "publicservicesgovt": 0.0, "religiousorgs": 0.0, "restaurants": 41.0, "services": 1.0, "shopping": 0.0, "total_price_level": 61.0, "price_level_count": 40, "total_rating": 172.0, "rating_count": 55}, "M6B": {"active": 0.0, "arts": 0.0, "bars": 3.0, "bicycles": 0.0, "chinese": 1.0, "eventservices": 0.0, "financialservices": 0.0, "food": 20.0, "homeservices": 0.0, "localflavor": 0.0, "massmedia": 0.0, "nightlife": 1.0, "professional": 0.0, "publicservicesgovt": 0.0, "religiousorgs": 0.0, "restaurants": 34.0, "services": 0.0, "shopping": 0.0, "total_price_level": 56.0, "price_level_count": 33, "total_rating": 170.0, "rating_count": 49}, "M9W": {"active": 3.0, "arts": 1.0, "bars": 17.0, "bicycles": 0.0, "chinese": 7.0, "eventservices": 2.0, "financialservices": 0.0, "food": 22.0, "homeservices": 0.0, "localflavor": 0.0, "massmedia": 0.0, "nightlife": 0.0, "professional": 0.0, "publicservicesgovt": 0.0, "religiousorgs": 0.0, "restaurants": 117.0, "services": 0.0, "shopping": 0.0, "total_price_level": 148.0, "price_level_count": 82, "total_rating": 477.5, "rating_count": 142}, "M5R": {"active": 3.0, "arts": 2.0, "bars": 26.0, "bicycles": 0.0, "chinese": 1.0, "eventservices": 1.0, "financialservices": 0.0, "food": 30.0, "homeservices": 0.0, "localflavor": 0.0, "massmedia": 0.0, "nightlife": 0.0, "professional": 0.0, "publicservicesgovt": 0.0, "religiousorgs": 0.0, "restaurants": 101.0, "services": 0.0, "shopping": 0.0, "total_price_level": 237.0, "price_level_count": 111, "total_rating": 501.0, "rating_count": 139}, "M4J": {"active": 1.0, "arts": 0.0, "bars": 20.0, "bicycles": 0.0, "chinese": 6.0, "eventservices": 0.0, "financialservices": 0.0, "food": 19.0, "homeservices": 0.0, "localflavor": 0.0, "massmedia": 0.0, "nightlife": 2.0, "professional": 0.0, "publicservicesgovt": 0.0, "religiousorgs": 0.0, "restaurants": 81.0, "services": 0.0, "shopping": 0.0, "total_price_level": 138.0, "price_level_count": 82, "total_rating": 384.5, "rating_count": 111}, "M9V": {"active": 0.0, "arts": 0.0, "bars": 1.0, "bicycles": 0.0, "chinese": 6.0, "eventservices": 0.0, "financialservices": 0.0, "food": 9.0, "homeservices": 0.0, "localflavor": 0.0, "massmedia": 0.0, "nightlife": 0.0, "professional": 0.0, "publicservicesgovt": 0.0, "religiousorgs": 0.0, "restaurants": 42.0, "services": 0.0, "shopping": 0.0, "total_price_level": 34.0, "price_level_count": 22, "total_rating": 177.5, "rating_count": 53}, "M5G": {"active": 0.0, "arts": 2.0, "bars": 12.0, "bicycles": 0.0, "chinese": 12.0, "eventservices": 2.0, "financialservices": 0.0, "food": 58.0, "homeservices": 0.0, "localflavor": 1.0, "massmedia": 0.0, "nightlife": 0.0, "professional": 0.0, "publicservicesgovt": 4.0, "religiousorgs": 0.0, "restaurants": 137.0, "services": 0.0, "shopping": 0.0, "total_price_level": 238.0, "price_level_count": 138, "total_rating": 639.0, "rating_count": 194}, "M5N": {"active": 0.0, "arts": 0.0, "bars": 0.0, "bicycles": 0.0, "chinese": 0.0, "eventservices": 0.0, "financialservices": 0.0, "food": 3.0, "homeservices": 0.0, "localflavor": 0.0, "massmedia": 0.0, "nightlife": 0.0, "professional": 0.0, "publicservicesgovt": 0.0, "religiousorgs": 0.0, "restaurants": 4.0, "services": 0.0, "shopping": 0.0, "total_price_level": 13.0, "price_level_count": 7, "total_rating": 23.0, "rating_count": 7}, "M5A": {"active": 11.0, "arts": 7.0, "bars": 20.0, "bicycles": 0.0, "chinese": 6.0, "eventservices": 4.0, "financialservices": 0.0, "food": 41.0, "homeservices": 0.0, "localflavor": 1.0, "massmedia": 0.0, "nightlife": 3.0, "professional": 0.0, "publicservicesgovt": 3.0, "religiousorgs": 0.0, "restaurants": 127.0, "services": 0.0, "shopping": 2.0, "total_price_level": 203.0, "price_level_count": 117, "total_rating": 633.5, "rating_count": 182}, "M4G": {"active": 0.0, "arts": 0.0, "bars": 6.0, "bicycles": 0.0, "chinese": 2.0, "eventservices": 1.0, "financialservices": 0.0, "food": 22.0, "homeservices": 0.0, "localflavor": 2.0, "massmedia": 0.0, "nightlife": 0.0, "professional": 0.0, "publicservicesgovt": 0.0, "religiousorgs": 0.0, "restaurants": 53.0, "services": 0.0, "shopping": 0.0, "total_price_level": 106.0, "price_level_count": 57, "total_rating": 261.0, "rating_count": 74}, "M4W": {"active": 7.0, "arts": 1.0, "bars": 19.0, "bicycles": 0.0, "chinese": 3.0, "eventservices": 1.0, "financialservices": 0.0, "food": 38.0, "homeservices": 0.0, "localflavor": 3.0, "massmedia": 0.0, "nightlife": 0.0, "professional": 0.0, "publicservicesgovt": 1.0, "religiousorgs": 0.0, "restaurants": 81.0, "services": 0.0, "shopping": 1.0, "total_price_level": 169.0, "price_level_count": 91, "total_rating": 444.0, "rating_count": 131}, "M2L": {"active": 0.0, "arts": 0.0, "bars": 0.0, "bicycles": 0.0, "chinese": 0.0, "eventservices": 0.0, "financialservices": 0.0, "food": 2.0, "homeservices": 0.0, "localflavor": 0.0, "massmedia": 0.0, "nightlife": 0.0, "professional": 0.0, "publicservicesgovt": 0.0, "religiousorgs": 0.0, "restaurants": 1.0, "services": 0.0, "shopping": 0.0, "total_price_level": 6.0, "price_level_count": 3, "total_rating": 9.0, "rating_count": 3}, "M8W": {"active": 3.0, "arts": 0.0, "bars": 8.0, "bicycles": 0.0, "chinese": 0.0, "eventservices": 0.0, "financialservices": 0.0, "food": 11.0, "homeservices": 0.0, "localflavor": 0.0, "massmedia": 0.0, "nightlife": 0.0, "professional": 0.0, "publicservicesgovt": 0.0, "religiousorgs": 0.0, "restaurants": 44.0, "services": 0.0, "shopping": 1.0, "total_price_level": 68.0, "price_level_count": 38, "total_rating": 222.5, "rating_count": 59}, "M5B": {"active": 0.0, "arts": 3.0, "bars": 23.0, "bicycles": 0.0, "chinese": 8.0, "eventservices": 2.0, "financialservices": 0.0, "food": 67.0, "homeservices": 0.0, "localflavor": 3.0, "massmedia": 0.0, "nightlife": 2.0, "professional": 0.0, "publicservicesgovt": 2.0, "religiousorgs": 0.0, "restaurants": 148.0, "services": 0.0, "shopping": 0.0, "total_price_level": 253.0, "price_level_count": 156, "total_rating": 720.0, "rating_count": 221}, "M4C": {"active": 5.0, "arts": 1.0, "bars": 8.0, "bicycles": 0.0, "chinese": 7.0, "eventservices": 1.0, "financialservices": 0.0, "food": 27.0, "homeservices": 0.0, "localflavor": 0.0, "massmedia": 0.0, "nightlife": 1.0, "professional": 0.0, "publicservicesgovt": 0.0, "religiousorgs": 0.0, "restaurants": 76.0, "services": 2.0, "shopping": 1.0, "total_price_level": 131.0, "price_level_count": 82, "total_rating": 397.0, "rating_count": 114}, "M5T": {"active": 4.0, "arts": 7.0, "bars": 49.0, "bicycles": 0.0, "chinese": 77.0, "eventservices": 3.0, "financialservices": 0.0, "food": 100.0, "homeservices": 0.0, "localflavor": 3.0, "massmedia": 0.0, "nightlife": 13.0, "professional": 0.0, "publicservicesgovt": 0.0, "religiousorgs": 0.0, "restaurants": 244.0, "services": 2.0, "shopping": 2.0, "total_price_level": 497.0, "price_level_count": 316, "total_rating": 1394.0, "rating_count": 394}, "M4N": {"active": 1.0, "arts": 0.0, "bars": 5.0, "bicycles": 0.0, "chinese": 4.0, "eventservices": 1.0, "financialservices": 0.0, "food": 13.0, "homeservices": 0.0, "localflavor": 0.0, "massmedia": 0.0, "nightlife": 0.0, "professional": 0.0, "publicservicesgovt": 0.0, "religiousorgs": 0.0, "restaurants": 38.0, "services": 0.0, "shopping": 2.0, "total_price_level": 78.0, "price_level_count": 39, "total_rating": 182.5, "rating_count": 55}, "M6S": {"active": 4.0, "arts": 1.0, "bars": 8.0, "bicycles": 0.0, "chinese": 2.0, "eventservices": 2.0, "financialservices": 0.0, "food": 31.0, "homeservices": 0.0, "localflavor": 1.0, "massmedia": 0.0, "nightlife": 1.0, "professional": 0.0, "publicservicesgovt": 0.0, "religiousorgs": 0.0, "restaurants": 62.0, "services": 0.0, "shopping": 0.0, "total_price_level": 122.0, "price_level_count": 72, "total_rating": 326.0, "rating_count": 93}, "M6J": {"active": 3.0, "arts": 11.0, "bars": 87.0, "bicycles": 0.0, "chinese": 6.0, "eventservices": 6.0, "financialservices": 0.0, "food": 71.0, "homeservices": 0.0, "localflavor": 3.0, "massmedia": 0.0, "nightlife": 14.0, "professional": 0.0, "publicservicesgovt": 0.0, "religiousorgs": 0.0, "restaurants": 192.0, "services": 4.0, "shopping": 4.0, "total_price_level": 417.0, "price_level_count": 219, "total_rating": 1120.5, "rating_count": 300}, "M9N": {"active": 0.0, "arts": 0.0, "bars": 1.0, "bicycles": 0.0, "chinese": 4.0, "eventservices": 0.0, "financialservices": 0.0, "food": 7.0, "homeservices": 0.0, "localflavor": 0.0, "massmedia": 0.0, "nightlife": 1.0, "professional": 0.0, "publicservicesgovt": 0.0, "religiousorgs": 0.0, "restaurants": 48.0, "services": 0.0, "shopping": 0.0, "total_price_level": 41.0, "price_level_count": 28, "total_rating": 184.5, "rating_count": 56}, "M1H": {"active": 0.0, "arts": 0.0, "bars": 6.0, "bicycles": 0.0, "chinese": 6.0, "eventservices": 0.0, "financialservices": 0.0, "food": 14.0, "homeservices": 0.0, "localflavor": 0.0, "massmedia": 0.0, "nightlife": 0.0, "professional": 0.0, "publicservicesgovt": 0.0, "religiousorgs": 0.0, "restaurants": 57.0, "services": 0.0, "shopping": 0.0, "total_price_level": 59.0, "price_level_count": 42, "total_rating": 246.5, "rating_count": 70}, "M4M": {"active": 11.0, "arts": 1.0, "bars": 39.0, "bicycles": 0.0, "chinese": 12.0, "eventservices": 4.0, "financialservices": 0.0, "food": 43.0, "homeservices": 0.0, "localflavor": 1.0, "massmedia": 0.0, "nightlife": 2.0, "professional": 0.0, "publicservicesgovt": 1.0, "religiousorgs": 0.0, "restaurants": 114.0, "services": 2.0, "shopping": 2.0, "total_price_level": 217.0, "price_level_count": 129, "total_rating": 649.0, "rating_count": 181}, "M4A": {"active": 3.0, "arts": 0.0, "bars": 5.0, "bicycles": 0.0, "chinese": 1.0, "eventservices": 0.0, "financialservices": 0.0, "food": 8.0, "homeservices": 0.0, "localflavor": 0.0, "massmedia": 0.0, "nightlife": 1.0, "professional": 0.0, "publicservicesgovt": 0.0, "religiousorgs": 0.0, "restaurants": 19.0, "services": 0.0, "shopping": 0.0, "total_price_level": 24.0, "price_level_count": 17, "total_rating": 105.5, "rating_count": 28}, "M5E": {"active": 1.0, "arts": 4.0, "bars": 21.0, "bicycles": 0.0, "chinese": 1.0, "eventservices": 1.0, "financialservices": 0.0, "food": 28.0, "homeservices": 0.0, "localflavor": 1.0, "massmedia": 0.0, "nightlife": 2.0, "professional": 0.0, "publicservicesgovt": 1.0, "religiousorgs": 0.0, "restaurants": 71.0, "services": 0.0, "shopping": 0.0, "total_price_level": 149.0, "price_level_count": 80, "total_rating": 355.5, "rating_count": 105}, "M9M": {"active": 0.0, "arts": 0.0, "bars": 1.0, "bicycles": 0.0, "chinese": 3.0, "eventservices": 1.0, "financialservices": 0.0, "food": 3.0, "homeservices": 0.0, "localflavor": 0.0, "massmedia": 0.0, "nightlife": 0.0, "professional": 0.0, "publicservicesgovt": 0.0, "religiousorgs": 0.0, "restaurants": 36.0, "services": 0.0, "shopping": 0.0, "total_price_level": 33.0, "price_level_count": 19, "total_rating": 127.0, "rating_count": 37}, "M2H": {"active": 1.0, "arts": 0.0, "bars": 2.0, "bicycles": 0.0, "chinese": 12.0, "eventservices": 0.0, "financialservices": 0.0, "food": 11.0, "homeservices": 0.0, "localflavor": 0.0, "massmedia": 0.0, "nightlife": 1.0, "professional": 0.0, "publicservicesgovt": 0.0, "religiousorgs": 0.0, "restaurants": 30.0, "services": 0.0, "shopping": 0.0, "total_price_level": 46.0, "price_level_count": 29, "total_rating": 139.5, "rating_count": 45}, "M4H": {"active": 2.0, "arts": 0.0, "bars": 0.0, "bicycles": 0.0, "chinese": 3.0, "eventservices": 0.0, "financialservices": 0.0, "food": 4.0, "homeservices": 0.0, "localflavor": 0.0, "massmedia": 0.0, "nightlife": 0.0, "professional": 0.0, "publicservicesgovt": 0.0, "religiousorgs": 0.0, "restaurants": 19.0, "services": 0.0, "shopping": 0.0, "total_price_level": 26.0, "price_level_count": 16, "total_rating": 84.5, "rating_count": 26}, "M6H": {"active": 2.0, "arts": 3.0, "bars": 34.0, "bicycles": 0.0, "chinese": 4.0, "eventservices": 3.0, "financialservices": 0.0, "food": 45.0, "homeservices": 0.0, "localflavor": 0.0, "massmedia": 0.0, "nightlife": 5.0, "professional": 0.0, "publicservicesgovt": 0.0, "religiousorgs": 0.0, "restaurants": 122.0, "services": 1.0, "shopping": 0.0, "total_price_level": 211.0, "price_level_count": 127, "total_rating": 641.0, "rating_count": 173}, "M3B": {"active": 0.0, "arts": 1.0, "bars": 3.0, "bicycles": 0.0, "chinese": 5.0, "eventservices": 1.0, "financialservices": 0.0, "food": 10.0, "homeservices": 0.0, "localflavor": 0.0, "massmedia": 0.0, "nightlife": 1.0, "professional": 0.0, "publicservicesgovt": 0.0, "religiousorgs": 0.0, "restaurants": 48.0, "services": 0.0, "shopping": 0.0, "total_price_level": 83.0, "price_level_count": 46, "total_rating": 193.0, "rating_count": 59}, "M6E": {"active": 1.0, "arts": 0.0, "bars": 6.0, "bicycles": 0.0, "chinese": 2.0, "eventservices": 2.0, "financialservices": 0.0, "food": 21.0, "homeservices": 0.0, "localflavor": 0.0, "massmedia": 0.0, "nightlife": 0.0, "professional": 0.0, "publicservicesgovt": 0.0, "religiousorgs": 0.0, "restaurants": 94.0, "services": 1.0, "shopping": 0.0, "total_price_level": 115.0, "price_level_count": 72, "total_rating": 385.0, "rating_count": 110}, "M6C": {"active": 1.0, "arts": 0.0, "bars": 8.0, "bicycles": 0.0, "chinese": 4.0, "eventservices": 0.0, "financialservices": 0.0, "food": 27.0, "homeservices": 0.0, "localflavor": 0.0, "massmedia": 0.0, "nightlife": 0.0, "professional": 0.0, "publicservicesgovt": 0.0, "religiousorgs": 0.0, "restaurants": 76.0, "services": 1.0, "shopping": 1.0, "total_price_level": 139.0, "price_level_count": 76, "total_rating": 348.0, "rating_count": 102}, "M6K": {"active": 4.0, "arts": 4.0, "bars": 29.0, "bicycles": 0.0, "chinese": 0.0, "eventservices": 4.0, "financialservices": 0.0, "food": 34.0, "homeservices": 0.0, "localflavor": 3.0, "massmedia": 0.0, "nightlife": 2.0, "professional": 0.0, "publicservicesgovt": 1.0, "religiousorgs": 0.0, "restaurants": 105.0, "services": 0.0, "shopping": 2.0, "total_price_level": 190.0, "price_level_count": 112, "total_rating": 560.0, "rating_count": 152}, "M6N": {"active": 1.0, "arts": 0.0, "bars": 2.0, "bicycles": 0.0, "chinese": 4.0, "eventservices": 1.0, "financialservices": 0.0, "food": 17.0, "homeservices": 0.0, "localflavor": 0.0, "massmedia": 0.0, "nightlife": 0.0, "professional": 0.0, "publicservicesgovt": 0.0, "religiousorgs": 0.0, "restaurants": 49.0, "services": 0.0, "shopping": 0.0, "total_price_level": 69.0, "price_level_count": 42, "total_rating": 237.0, "rating_count": 68}, "M1L": {"active": 1.0, "arts": 1.0, "bars": 7.0, "bicycles": 0.0, "chinese": 7.0, "eventservices": 0.0, "financialservices": 0.0, "food": 20.0, "homeservices": 0.0, "localflavor": 0.0, "massmedia": 0.0, "nightlife": 1.0, "professional": 0.0, "publicservicesgovt": 0.0, "religiousorgs": 0.0, "restaurants": 71.0, "services": 0.0, "shopping": 0.0, "total_price_level": 89.0, "price_level_count": 56, "total_rating": 277.0, "rating_count": 87}, "M5V": {"active": 15.0, "arts": 15.0, "bars": 105.0, "bicycles": 0.0, "chinese": 8.0, "eventservices": 5.0, "financialservices": 0.0, "food": 105.0, "homeservices": 0.0, "localflavor": 5.0, "massmedia": 0.0, "nightlife": 15.0, "professional": 0.0, "publicservicesgovt": 3.0, "religiousorgs": 0.0, "restaurants": 351.0, "services": 0.0, "shopping": 1.0, "total_price_level": 668.0, "price_level_count": 350, "total_rating": 1678.0, "rating_count": 485}, "M9C": {"active": 5.0, "arts": 0.0, "bars": 12.0, "bicycles": 0.0, "chinese": 4.0, "eventservices": 1.0, "financialservices": 0.0, "food": 31.0, "homeservices": 0.0, "localflavor": 0.0, "massmedia": 0.0, "nightlife": 0.0, "professional": 0.0, "publicservicesgovt": 0.0, "religiousorgs": 0.0, "restaurants": 60.0, "services": 0.0, "shopping": 0.0, "total_price_level": 100.0, "price_level_count": 56, "total_rating": 302.5, "rating_count": 93}, "M4L": {"active": 8.0, "arts": 2.0, "bars": 16.0, "bicycles": 0.0, "chinese": 3.0, "eventservices": 1.0, "financialservices": 0.0, "food": 20.0, "homeservices": 0.0, "localflavor": 0.0, "massmedia": 0.0, "nightlife": 0.0, "professional": 0.0, "publicservicesgovt": 1.0, "religiousorgs": 0.0, "restaurants": 95.0, "services": 0.0, "shopping": 1.0, "total_price_level": 164.0, "price_level_count": 95, "total_rating": 446.5, "rating_count": 127}, "M4T": {"active": 3.0, "arts": 0.0, "bars": 4.0, "bicycles": 0.0, "chinese": 3.0, "eventservices": 2.0, "financialservices": 0.0, "food": 13.0, "homeservices": 0.0, "localflavor": 0.0, "massmedia": 0.0, "nightlife": 0.0, "professional": 0.0, "publicservicesgovt": 0.0, "religiousorgs": 0.0, "restaurants": 37.0, "services": 0.0, "shopping": 0.0, "total_price_level": 83.0, "price_level_count": 46, "total_rating": 183.5, "rating_count": 56}, "M1C": {"active": 3.0, "arts": 0.0, "bars": 1.0, "bicycles": 0.0, "chinese": 1.0, "eventservices": 0.0, "financialservices": 0.0, "food": 4.0, "homeservices": 0.0, "localflavor": 0.0, "massmedia": 0.0, "nightlife": 0.0, "professional": 0.0, "publicservicesgovt": 0.0, "religiousorgs": 0.0, "restaurants": 22.0, "services": 0.0, "shopping": 0.0, "total_price_level": 28.0, "price_level_count": 16, "total_rating": 101.0, "rating_count": 28}, "M6G": {"active": 3.0, "arts": 5.0, "bars": 50.0, "bicycles": 0.0, "chinese": 5.0, "eventservices": 6.0, "financialservices": 0.0, "food": 49.0, "homeservices": 0.0, "localflavor": 3.0, "massmedia": 0.0, "nightlife": 6.0, "professional": 0.0, "publicservicesgovt": 1.0, "religiousorgs": 0.0, "restaurants": 177.0, "services": 0.0, "shopping": 3.0, "total_price_level": 332.0, "price_level_count": 184, "total_rating": 870.5, "rating_count": 241}, "M6L": {"active": 1.0, "arts": 0.0, "bars": 1.0, "bicycles": 0.0, "chinese": 1.0, "eventservices": 1.0, "financialservices": 0.0, "food": 4.0, "homeservices": 0.0, "localflavor": 0.0, "massmedia": 0.0, "nightlife": 0.0, "professional": 0.0, "publicservicesgovt": 0.0, "religiousorgs": 0.0, "restaurants": 10.0, "services": 0.0, "shopping": 0.0, "total_price_level": 21.0, "price_level_count": 12, "total_rating": 48.0, "rating_count": 16}, "M1B": {"active": 4.0, "arts": 0.0, "bars": 4.0, "bicycles": 0.0, "chinese": 4.0, "eventservices": 0.0, "financialservices": 0.0, "food": 14.0, "homeservices": 0.0, "localflavor": 0.0, "massmedia": 0.0, "nightlife": 0.0, "professional": 0.0, "publicservicesgovt": 0.0, "religiousorgs": 0.0, "restaurants": 64.0, "services": 0.0, "shopping": 0.0, "total_price_level": 68.0, "price_level_count": 47, "total_rating": 239.5, "rating_count": 79}, "M5C": {"active": 2.0, "arts": 3.0, "bars": 11.0, "bicycles": 0.0, "chinese": 0.0, "eventservices": 2.0, "financialservices": 0.0, "food": 26.0, "homeservices": 0.0, "localflavor": 1.0, "massmedia": 0.0, "nightlife": 2.0, "professional": 0.0, "publicservicesgovt": 1.0, "religiousorgs": 0.0, "restaurants": 74.0, "services": 1.0, "shopping": 2.0, "total_price_level": 139.0, "price_level_count": 75, "total_rating": 347.0, "rating_count": 100}, "M9A": {"active": 1.0, "arts": 1.0, "bars": 5.0, "bicycles": 0.0, "chinese": 3.0, "eventservices": 0.0, "financialservices": 0.0, "food": 7.0, "homeservices": 0.0, "localflavor": 1.0, "massmedia": 0.0, "nightlife": 0.0, "professional": 0.0, "publicservicesgovt": 0.0, "religiousorgs": 0.0, "restaurants": 24.0, "services": 0.0, "shopping": 0.0, "total_price_level": 48.0, "price_level_count": 27, "total_rating": 124.5, "rating_count": 36}, "M1P": {"active": 2.0, "arts": 1.0, "bars": 11.0, "bicycles": 0.0, "chinese": 13.0, "eventservices": 1.0, "financialservices": 0.0, "food": 42.0, "homeservices": 0.0, "localflavor": 0.0, "massmedia": 0.0, "nightlife": 0.0, "professional": 0.0, "publicservicesgovt": 0.0, "religiousorgs": 0.0, "restaurants": 118.0, "services": 0.0, "shopping": 2.0, "total_price_level": 166.0, "price_level_count": 107, "total_rating": 533.5, "rating_count": 161}, "M4R": {"active": 1.0, "arts": 0.0, "bars": 2.0, "bicycles": 0.0, "chinese": 1.0, "eventservices": 0.0, "financialservices": 0.0, "food": 3.0, "homeservices": 0.0, "localflavor": 0.0, "massmedia": 0.0, "nightlife": 0.0, "professional": 0.0, "publicservicesgovt": 0.0, "religiousorgs": 0.0, "restaurants": 7.0, "services": 0.0, "shopping": 0.0, "total_price_level": 14.0, "price_level_count": 8, "total_rating": 38.0, "rating_count": 12}, "M5S": {"active": 1.0, "arts": 4.0, "bars": 24.0, "bicycles": 0.0, "chinese": 8.0, "eventservices": 0.0, "financialservices": 0.0, "food": 63.0, "homeservices": 0.0, "localflavor": 0.0, "massmedia": 0.0, "nightlife": 0.0, "professional": 0.0, "publicservicesgovt": 2.0, "religiousorgs": 0.0, "restaurants": 165.0, "services": 0.0, "shopping": 2.0, "total_price_level": 279.0, "price_level_count": 158, "total_rating": 770.5, "rating_count": 228}, "M3M": {"active": 1.0, "arts": 0.0, "bars": 0.0, "bicycles": 0.0, "chinese": 3.0, "eventservices": 0.0, "financialservices": 0.0, "food": 6.0, "homeservices": 0.0, "localflavor": 0.0, "massmedia": 0.0, "nightlife": 0.0, "professional": 0.0, "publicservicesgovt": 0.0, "religiousorgs": 0.0, "restaurants": 19.0, "services": 0.0, "shopping": 0.0, "total_price_level": 21.0, "price_level_count": 14, "total_rating": 73.0, "rating_count": 24}, "M6R": {"active": 5.0, "arts": 3.0, "bars": 17.0, "bicycles": 0.0, "chinese": 3.0, "eventservices": 0.0, "financialservices": 0.0, "food": 27.0, "homeservices": 0.0, "localflavor": 1.0, "massmedia": 0.0, "nightlife": 1.0, "professional": 0.0, "publicservicesgovt": 0.0, "religiousorgs": 0.0, "restaurants": 88.0, "services": 1.0, "shopping": 0.0, "total_price_level": 133.0, "price_level_count": 81, "total_rating": 438.5, "rating_count": 118}, "M4X": {"active": 1.0, "arts": 0.0, "bars": 4.0, "bicycles": 0.0, "chinese": 2.0, "eventservices": 0.0, "financialservices": 0.0, "food": 12.0, "homeservices": 0.0, "localflavor": 0.0, "massmedia": 0.0, "nightlife": 1.0, "professional": 0.0, "publicservicesgovt": 0.0, "religiousorgs": 0.0, "restaurants": 30.0, "services": 0.0, "shopping": 0.0, "total_price_level": 50.0, "price_level_count": 31, "total_rating": 157.5, "rating_count": 44}, "M2J": {"active": 2.0, "arts": 4.0, "bars": 7.0, "bicycles": 0.0, "chinese": 7.0, "eventservices": 3.0, "financialservices": 0.0, "food": 28.0, "homeservices": 0.0, "localflavor": 0.0, "massmedia": 0.0, "nightlife": 1.0, "professional": 0.0, "publicservicesgovt": 0.0, "religiousorgs": 0.0, "restaurants": 67.0, "services": 0.0, "shopping": 0.0, "total_price_level": 86.0, "price_level_count": 56, "total_rating": 286.5, "rating_count": 92}, "M1E": {"active": 3.0, "arts": 0.0, "bars": 6.0, "bicycles": 0.0, "chinese": 6.0, "eventservices": 1.0, "financialservices": 0.0, "food": 6.0, "homeservices": 0.0, "localflavor": 0.0, "massmedia": 0.0, "nightlife": 0.0, "professional": 0.0, "publicservicesgovt": 0.0, "religiousorgs": 0.0, "restaurants": 47.0, "services": 0.0, "shopping": 0.0, "total_price_level": 58.0, "price_level_count": 34, "total_rating": 174.5, "rating_count": 56}, "M9P": {"active": 2.0, "arts": 0.0, "bars": 1.0, "bicycles": 0.0, "chinese": 2.0, "eventservices": 2.0, "financialservices": 0.0, "food": 5.0, "homeservices": 0.0, "localflavor": 0.0, "massmedia": 0.0, "nightlife": 0.0, "professional": 0.0, "publicservicesgovt": 0.0, "religiousorgs": 0.0, "restaurants": 11.0, "services": 1.0, "shopping": 0.0, "total_price_level": 18.0, "price_level_count": 11, "total_rating": 63.0, "rating_count": 20}, "M4K": {"active": 4.0, "arts": 6.0, "bars": 17.0, "bicycles": 0.0, "chinese": 1.0, "eventservices": 1.0, "financialservices": 0.0, "food": 37.0, "homeservices": 0.0, "localflavor": 1.0, "massmedia": 0.0, "nightlife": 3.0, "professional": 0.0, "publicservicesgovt": 1.0, "religiousorgs": 0.0, "restaurants": 108.0, "services": 0.0, "shopping": 0.0, "total_price_level": 187.0, "price_level_count": 110, "total_rating": 517.0, "rating_count": 150}, "M8Z": {"active": 2.0, "arts": 0.0, "bars": 10.0, "bicycles": 0.0, "chinese": 4.0, "eventservices": 0.0, "financialservices": 0.0, "food": 29.0, "homeservices": 0.0, "localflavor": 0.0, "massmedia": 0.0, "nightlife": 0.0, "professional": 0.0, "publicservicesgovt": 0.0, "religiousorgs": 0.0, "restaurants": 77.0, "services": 2.0, "shopping": 1.0, "total_price_level": 138.0, "price_level_count": 82, "total_rating": 342.0, "rating_count": 101}, "M6P": {"active": 6.0, "arts": 2.0, "bars": 27.0, "bicycles": 0.0, "chinese": 4.0, "eventservices": 2.0, "financialservices": 0.0, "food": 39.0, "homeservices": 0.0, "localflavor": 2.0, "massmedia": 0.0, "nightlife": 3.0, "professional": 0.0, "publicservicesgovt": 0.0, "religiousorgs": 0.0, "restaurants": 102.0, "services": 0.0, "shopping": 0.0, "total_price_level": 190.0, "price_level_count": 112, "total_rating": 547.5, "rating_count": 149}, "M3K": {"active": 2.0, "arts": 0.0, "bars": 3.0, "bicycles": 0.0, "chinese": 2.0, "eventservices": 1.0, "financialservices": 0.0, "food": 14.0, "homeservices": 0.0, "localflavor": 0.0, "massmedia": 0.0, "nightlife": 0.0, "professional": 0.0, "publicservicesgovt": 0.0, "religiousorgs": 0.0, "restaurants": 39.0, "services": 0.0, "shopping": 1.0, "total_price_level": 36.0, "price_level_count": 24, "total_rating": 180.5, "rating_count": 53}, "M9R": {"active": 1.0, "arts": 0.0, "bars": 0.0, "bicycles": 0.0, "chinese": 1.0, "eventservices": 0.0, "financialservices": 0.0, "food": 5.0, "homeservices": 0.0, "localflavor": 0.0, "massmedia": 0.0, "nightlife": 0.0, "professional": 0.0, "publicservicesgovt": 0.0, "religiousorgs": 0.0, "restaurants": 7.0, "services": 0.0, "shopping": 0.0, "total_price_level": 13.0, "price_level_count": 9, "total_rating": 40.0, "rating_count": 14}, "M1S": {"active": 2.0, "arts": 0.0, "bars": 4.0, "bicycles": 0.0, "chinese": 69.0, "eventservices": 0.0, "financialservices": 0.0, "food": 23.0, "homeservices": 0.0, "localflavor": 0.0, "massmedia": 0.0, "nightlife": 1.0, "professional": 0.0, "publicservicesgovt": 0.0, "religiousorgs": 0.0, "restaurants": 89.0, "services": 0.0, "shopping": 0.0, "total_price_level": 154.0, "price_level_count": 103, "total_rating": 502.0, "rating_count": 150}, "M1T": {"active": 0.0, "arts": 0.0, "bars": 3.0, "bicycles": 0.0, "chinese": 11.0, "eventservices": 1.0, "financialservices": 0.0, "food": 13.0, "homeservices": 0.0, "localflavor": 0.0, "massmedia": 0.0, "nightlife": 0.0, "professional": 0.0, "publicservicesgovt": 0.0, "religiousorgs": 0.0, "restaurants": 56.0, "services": 0.0, "shopping": 0.0, "total_price_level": 87.0, "price_level_count": 56, "total_rating": 231.5, "rating_count": 69}, "M1K": {"active": 1.0, "arts": 0.0, "bars": 1.0, "bicycles": 0.0, "chinese": 9.0, "eventservices": 1.0, "financialservices": 0.0, "food": 5.0, "homeservices": 0.0, "localflavor": 1.0, "massmedia": 0.0, "nightlife": 0.0, "professional": 0.0, "publicservicesgovt": 0.0, "religiousorgs": 0.0, "restaurants": 44.0, "services": 0.0, "shopping": 0.0, "total_price_level": 45.0, "price_level_count": 30, "total_rating": 186.0, "rating_count": 56}, "M1X": {"active": 1.0, "arts": 0.0, "bars": 0.0, "bicycles": 0.0, "chinese": 1.0, "eventservices": 1.0, "financialservices": 0.0, "food": 6.0, "homeservices": 0.0, "localflavor": 0.0, "massmedia": 0.0, "nightlife": 0.0, "professional": 0.0, "publicservicesgovt": 0.0, "religiousorgs": 0.0, "restaurants": 17.0, "services": 0.0, "shopping": 0.0, "total_price_level": 22.0, "price_level_count": 15, "total_rating": 72.5, "rating_count": 23}, "M4V": {"active": 0.0, "arts": 1.0, "bars": 3.0, "bicycles": 0.0, "chinese": 0.0, "eventservices": 0.0, "financialservices": 0.0, "food": 7.0, "homeservices": 0.0, "localflavor": 1.0, "massmedia": 0.0, "nightlife": 0.0, "professional": 0.0, "publicservicesgovt": 0.0, "religiousorgs": 0.0, "restaurants": 16.0, "services": 0.0, "shopping": 0.0, "total_price_level": 30.0, "price_level_count": 16, "total_rating": 90.0, "rating_count": 24}, "M4Y": {"active": 8.0, "arts": 4.0, "bars": 39.0, "bicycles": 0.0, "chinese": 5.0, "eventservices": 2.0, "financialservices": 0.0, "food": 39.0, "homeservices": 0.0, "localflavor": 1.0, "massmedia": 0.0, "nightlife": 2.0, "professional": 0.0, "publicservicesgovt": 1.0, "religiousorgs": 0.0, "restaurants": 121.0, "services": 0.0, "shopping": 3.0, "total_price_level": 253.0, "price_level_count": 145, "total_rating": 638.5, "rating_count": 186}, "M3L": {"active": 0.0, "arts": 0.0, "bars": 1.0, "bicycles": 0.0, "chinese": 2.0, "eventservices": 0.0, "financialservices": 0.0, "food": 4.0, "homeservices": 0.0, "localflavor": 0.0, "massmedia": 0.0, "nightlife": 0.0, "professional": 0.0, "publicservicesgovt": 0.0, "religiousorgs": 0.0, "restaurants": 19.0, "services": 0.0, "shopping": 0.0, "total_price_level": 15.0, "price_level_count": 11, "total_rating": 68.0, "rating_count": 23}, "M5P": {"active": 2.0, "arts": 0.0, "bars": 0.0, "bicycles": 0.0, "chinese": 0.0, "eventservices": 0.0, "financialservices": 0.0, "food": 5.0, "homeservices": 0.0, "localflavor": 0.0, "massmedia": 0.0, "nightlife": 0.0, "professional": 0.0, "publicservicesgovt": 0.0, "religiousorgs": 0.0, "restaurants": 9.0, "services": 0.0, "shopping": 0.0, "total_price_level": 22.0, "price_level_count": 12, "total_rating": 51.5, "rating_count": 16}, "M2N": {"active": 7.0, "arts": 3.0, "bars": 19.0, "bicycles": 0.0, "chinese": 40.0, "eventservices": 0.0, "financialservices": 0.0, "food": 71.0, "homeservices": 0.0, "localflavor": 1.0, "massmedia": 0.0, "nightlife": 1.0, "professional": 0.0, "publicservicesgovt": 1.0, "religiousorgs": 0.0, "restaurants": 193.0, "services": 0.0, "shopping": 0.0, "total_price_level": 275.0, "price_level_count": 162, "total_rating": 935.0, "rating_count": 279}, "M5H": {"active": 3.0, "arts": 2.0, "bars": 29.0, "bicycles": 0.0, "chinese": 10.0, "eventservices": 5.0, "financialservices": 0.0, "food": 79.0, "homeservices": 0.0, "localflavor": 5.0, "massmedia": 0.0, "nightlife": 3.0, "professional": 0.0, "publicservicesgovt": 5.0, "religiousorgs": 0.0, "restaurants": 207.0, "services": 0.0, "shopping": 0.0, "total_price_level": 357.0, "price_level_count": 203, "total_rating": 981.5, "rating_count": 290}, "M1W": {"active": 1.0, "arts": 0.0, "bars": 1.0, "bicycles": 0.0, "chinese": 16.0, "eventservices": 0.0, "financialservices": 0.0, "food": 14.0, "homeservices": 0.0, "localflavor": 0.0, "massmedia": 0.0, "nightlife": 0.0, "professional": 0.0, "publicservicesgovt": 0.0, "religiousorgs": 0.0, "restaurants": 37.0, "services": 0.0, "shopping": 0.0, "total_price_level": 60.0, "price_level_count": 40, "total_rating": 173.0, "rating_count": 55}, "M2P": {"active": 1.0, "arts": 0.0, "bars": 0.0, "bicycles": 0.0, "chinese": 0.0, "eventservices": 1.0, "financialservices": 0.0, "food": 1.0, "homeservices": 0.0, "localflavor": 0.0, "massmedia": 0.0, "nightlife": 0.0, "professional": 0.0, "publicservicesgovt": 0.0, "religiousorgs": 0.0, "restaurants": 5.0, "services": 0.0, "shopping": 0.0, "total_price_level": 10.0, "price_level_count": 5, "total_rating": 25.0, "rating_count": 7}, "M2M": {"active": 3.0, "arts": 0.0, "bars": 5.0, "bicycles": 0.0, "chinese": 4.0, "eventservices": 1.0, "financialservices": 0.0, "food": 22.0, "homeservices": 0.0, "localflavor": 0.0, "massmedia": 0.0, "nightlife": 0.0, "professional": 0.0, "publicservicesgovt": 0.0, "religiousorgs": 0.0, "restaurants": 64.0, "services": 0.0, "shopping": 0.0, "total_price_level": 85.0, "price_level_count": 51, "total_rating": 278.0, "rating_count": 85}, "M4B": {"active": 1.0, "arts": 0.0, "bars": 3.0, "bicycles": 0.0, "chinese": 4.0, "eventservices": 1.0, "financialservices": 0.0, "food": 8.0, "homeservices": 0.0, "localflavor": 1.0, "massmedia": 0.0, "nightlife": 0.0, "professional": 0.0, "publicservicesgovt": 2.0, "religiousorgs": 0.0, "restaurants": 24.0, "services": 0.0, "shopping": 0.0, "total_price_level": 25.0, "price_level_count": 16, "total_rating": 133.0, "rating_count": 37}, "M1N": {"active": 2.0, "arts": 0.0, "bars": 3.0, "bicycles": 0.0, "chinese": 1.0, "eventservices": 0.0, "financialservices": 0.0, "food": 7.0, "homeservices": 0.0, "localflavor": 0.0, "massmedia": 0.0, "nightlife": 0.0, "professional": 0.0, "publicservicesgovt": 0.0, "religiousorgs": 0.0, "restaurants": 33.0, "services": 0.0, "shopping": 0.0, "total_price_level": 30.0, "price_level_count": 18, "total_rating": 145.0, "rating_count": 40}, "M9L": {"active": 0.0, "arts": 0.0, "bars": 2.0, "bicycles": 0.0, "chinese": 0.0, "eventservices": 0.0, "financialservices": 0.0, "food": 3.0, "homeservices": 0.0, "localflavor": 0.0, "massmedia": 0.0, "nightlife": 0.0, "professional": 0.0, "publicservicesgovt": 0.0, "religiousorgs": 0.0, "restaurants": 16.0, "services": 0.0, "shopping": 0.0, "total_price_level": 14.0, "price_level_count": 9, "total_rating": 69.5, "rating_count": 18}, "M8V": {"active": 5.0, "arts": 0.0, "bars": 8.0, "bicycles": 0.0, "chinese": 5.0, "eventservices": 0.0, "financialservices": 0.0, "food": 15.0, "homeservices": 0.0, "localflavor": 0.0, "massmedia": 0.0, "nightlife": 1.0, "professional": 0.0, "publicservicesgovt": 0.0, "religiousorgs": 0.0, "restaurants": 67.0, "services": 0.0, "shopping": 0.0, "total_price_level": 110.0, "price_level_count": 65, "total_rating": 327.0, "rating_count": 91}, "M3J": {"active": 0.0, "arts": 1.0, "bars": 7.0, "bicycles": 0.0, "chinese": 6.0, "eventservices": 4.0, "financialservices": 0.0, "food": 27.0, "homeservices": 0.0, "localflavor": 1.0, "massmedia": 0.0, "nightlife": 2.0, "professional": 0.0, "publicservicesgovt": 0.0, "religiousorgs": 0.0, "restaurants": 104.0, "services": 0.0, "shopping": 0.0, "total_price_level": 142.0, "price_level_count": 83, "total_rating": 425.5, "rating_count": 131}, "M3C": {"active": 3.0, "arts": 2.0, "bars": 7.0, "bicycles": 0.0, "chinese": 5.0, "eventservices": 1.0, "financialservices": 0.0, "food": 14.0, "homeservices": 0.0, "localflavor": 0.0, "massmedia": 0.0, "nightlife": 0.0, "professional": 0.0, "publicservicesgovt": 0.0, "religiousorgs": 0.0, "restaurants": 43.0, "services": 0.0, "shopping": 0.0, "total_price_level": 68.0, "price_level_count": 39, "total_rating": 205.0, "rating_count": 60}, "M6A": {"active": 1.0, "arts": 1.0, "bars": 6.0, "bicycles": 0.0, "chinese": 4.0, "eventservices": 0.0, "financialservices": 0.0, "food": 38.0, "homeservices": 0.0, "localflavor": 0.0, "massmedia": 0.0, "nightlife": 0.0, "professional": 0.0, "publicservicesgovt": 0.0, "religiousorgs": 0.0, "restaurants": 75.0, "services": 1.0, "shopping": 0.0, "total_price_level": 143.0, "price_level_count": 75, "total_rating": 350.0, "rating_count": 108}, "M2R": {"active": 1.0, "arts": 0.0, "bars": 1.0, "bicycles": 0.0, "chinese": 1.0, "eventservices": 0.0, "financialservices": 0.0, "food": 5.0, "homeservices": 0.0, "localflavor": 0.0, "massmedia": 0.0, "nightlife": 0.0, "professional": 0.0, "publicservicesgovt": 0.0, "religiousorgs": 0.0, "restaurants": 15.0, "services": 0.0, "shopping": 0.0, "total_price_level": 21.0, "price_level_count": 13, "total_rating": 68.5, "rating_count": 20}, "M2K": {"active": 0.0, "arts": 0.0, "bars": 0.0, "bicycles": 0.0, "chinese": 2.0, "eventservices": 0.0, "financialservices": 0.0, "food": 7.0, "homeservices": 0.0, "localflavor": 0.0, "massmedia": 0.0, "nightlife": 0.0, "professional": 0.0, "publicservicesgovt": 0.0, "religiousorgs": 0.0, "restaurants": 19.0, "services": 0.0, "shopping": 0.0, "total_price_level": 36.0, "price_level_count": 20, "total_rating": 78.5, "rating_count": 25}, "M3N": {"active": 0.0, "arts": 0.0, "bars": 1.0, "bicycles": 0.0, "chinese": 5.0, "eventservices": 0.0, "financialservices": 0.0, "food": 10.0, "homeservices": 0.0, "localflavor": 0.0, "massmedia": 0.0, "nightlife": 0.0, "professional": 0.0, "publicservicesgovt": 0.0, "religiousorgs": 0.0, "restaurants": 29.0, "services": 0.0, "shopping": 0.0, "total_price_level": 31.0, "price_level_count": 20, "total_rating": 137.0, "rating_count": 41}, "M1G": {"active": 1.0, "arts": 0.0, "bars": 1.0, "bicycles": 0.0, "chinese": 2.0, "eventservices": 1.0, "financialservices": 0.0, "food": 0.0, "homeservices": 0.0, "localflavor": 0.0, "massmedia": 0.0, "nightlife": 0.0, "professional": 0.0, "publicservicesgovt": 0.0, "religiousorgs": 0.0, "restaurants": 11.0, "services": 0.0, "shopping": 0.0, "total_price_level": 8.0, "price_level_count": 5, "total_rating": 44.0, "rating_count": 13}, "M1R": {"active": 1.0, "arts": 0.0, "bars": 11.0, "bicycles": 0.0, "chinese": 4.0, "eventservices": 0.0, "financialservices": 0.0, "food": 20.0, "homeservices": 0.0, "localflavor": 2.0, "massmedia": 0.0, "nightlife": 1.0, "professional": 0.0, "publicservicesgovt": 0.0, "religiousorgs": 0.0, "restaurants": 74.0, "services": 0.0, "shopping": 0.0, "total_price_level": 108.0, "price_level_count": 63, "total_rating": 345.0, "rating_count": 99}, "M6M": {"active": 0.0, "arts": 0.0, "bars": 1.0, "bicycles": 0.0, "chinese": 4.0, "eventservices": 1.0, "financialservices": 0.0, "food": 12.0, "homeservices": 0.0, "localflavor": 0.0, "massmedia": 0.0, "nightlife": 1.0, "professional": 0.0, "publicservicesgovt": 0.0, "religiousorgs": 0.0, "restaurants": 46.0, "services": 0.0, "shopping": 0.0, "total_price_level": 47.0, "price_level_count": 30, "total_rating": 194.5, "rating_count": 56}, "M3A": {"active": 1.0, "arts": 0.0, "bars": 0.0, "bicycles": 0.0, "chinese": 0.0, "eventservices": 1.0, "financialservices": 0.0, "food": 6.0, "homeservices": 0.0, "localflavor": 0.0, "massmedia": 0.0, "nightlife": 0.0, "professional": 0.0, "publicservicesgovt": 0.0, "religiousorgs": 0.0, "restaurants": 14.0, "services": 0.0, "shopping": 0.0, "total_price_level": 17.0, "price_level_count": 13, "total_rating": 56.0, "rating_count": 17}, "M1V": {"active": 3.0, "arts": 0.0, "bars": 2.0, "bicycles": 0.0, "chinese": 81.0, "eventservices": 0.0, "financialservices": 0.0, "food": 55.0, "homeservices": 0.0, "localflavor": 0.0, "massmedia": 0.0, "nightlife": 1.0, "professional": 0.0, "publicservicesgovt": 0.0, "religiousorgs": 0.0, "restaurants": 120.0, "services": 1.0, "shopping": 0.0, "total_price_level": 222.0, "price_level_count": 145, "total_rating": 683.5, "rating_count": 203}, "M8Y": {"active": 0.0, "arts": 0.0, "bars": 2.0, "bicycles": 0.0, "chinese": 2.0, "eventservices": 0.0, "financialservices": 0.0, "food": 8.0, "homeservices": 0.0, "localflavor": 0.0, "massmedia": 0.0, "nightlife": 1.0, "professional": 0.0, "publicservicesgovt": 0.0, "religiousorgs": 0.0, "restaurants": 37.0, "services": 0.0, "shopping": 0.0, "total_price_level": 48.0, "price_level_count": 26, "total_rating": 146.0, "rating_count": 42}, "M1M": {"active": 5.0, "arts": 0.0, "bars": 3.0, "bicycles": 0.0, "chinese": 2.0, "eventservices": 0.0, "financialservices": 0.0, "food": 4.0, "homeservices": 0.0, "localflavor": 0.0, "massmedia": 0.0, "nightlife": 0.0, "professional": 0.0, "publicservicesgovt": 0.0, "religiousorgs": 0.0, "restaurants": 23.0, "services": 0.0, "shopping": 0.0, "total_price_level": 32.0, "price_level_count": 19, "total_rating": 117.0, "rating_count": 34}, "M1J": {"active": 0.0, "arts": 0.0, "bars": 2.0, "bicycles": 0.0, "chinese": 3.0, "eventservices": 0.0, "financialservices": 0.0, "food": 8.0, "homeservices": 0.0, "localflavor": 0.0, "massmedia": 0.0, "nightlife": 0.0, "professional": 0.0, "publicservicesgovt": 0.0, "religiousorgs": 0.0, "restaurants": 25.0, "services": 0.0, "shopping": 0.0, "total_price_level": 26.0, "price_level_count": 17, "total_rating": 101.5, "rating_count": 29}, "M5J": {"active": 6.0, "arts": 2.0, "bars": 24.0, "bicycles": 0.0, "chinese": 4.0, "eventservices": 2.0, "financialservices": 0.0, "food": 45.0, "homeservices": 0.0, "localflavor": 4.0, "massmedia": 0.0, "nightlife": 1.0, "professional": 0.0, "publicservicesgovt": 2.0, "religiousorgs": 0.0, "restaurants": 128.0, "services": 0.0, "shopping": 0.0, "total_price_level": 218.0, "price_level_count": 125, "total_rating": 584.0, "rating_count": 186}, "M4P": {"active": 2.0, "arts": 2.0, "bars": 15.0, "bicycles": 0.0, "chinese": 1.0, "eventservices": 1.0, "financialservices": 0.0, "food": 39.0, "homeservices": 0.0, "localflavor": 2.0, "massmedia": 0.0, "nightlife": 2.0, "professional": 0.0, "publicservicesgovt": 0.0, "religiousorgs": 0.0, "restaurants": 89.0, "services": 0.0, "shopping": 0.0, "total_price_level": 152.0, "price_level_count": 85, "total_rating": 415.0, "rating_count": 124}, "M5M": {"active": 0.0, "arts": 0.0, "bars": 4.0, "bicycles": 0.0, "chinese": 2.0, "eventservices": 0.0, "financialservices": 0.0, "food": 12.0, "homeservices": 0.0, "localflavor": 0.0, "massmedia": 0.0, "nightlife": 1.0, "professional": 0.0, "publicservicesgovt": 0.0, "religiousorgs": 0.0, "restaurants": 36.0, "services": 0.0, "shopping": 0.0, "total_price_level": 71.0, "price_level_count": 37, "total_rating": 153.5, "rating_count": 45}}